Job Title,Required Years of Experience,Skills,Education Requirements
Software Engineer,3,Python Java JavaScript Git Agile SQL,Bachelor's in Computer Science or related field
Data Analyst,2,Excel SQL Python Tableau Power BI Statistics,Bachelor's in Mathematics Statistics or Business Analytics
Marketing Manager,5,Digital Marketing SEO SEM Google Analytics Content Strategy,Bachelor's in Marketing or Communications
Registered Nurse,1,Patient Care Medical Terminology IV Administration EMR Systems,Bachelor's in Nursing and RN License
Accountant,3,QuickBooks Excel GAAP Tax Preparation Financial Reporting,Bachelor's in Accounting CPA preferred
Human Resources Specialist,2,Recruitment HRIS Employee Relations Benefits Administration,Bachelor's in Human Resources or Business
Graphic Designer,2,Adobe Photoshop Illustrator InDesign Typography Branding,Bachelor's in Graphic Design or Fine Arts
Project Manager,5,PMP Agile Scrum Risk Management Stakeholder Management,Bachelor's in Business or related field PMP certification
Sales Representative,1,CRM Software Cold Calling Negotiation Lead Generation,Bachelor's in Business or equivalent experience
Mechanical Engineer,4,AutoCAD SolidWorks FEA Thermodynamics Manufacturing,Bachelor's in Mechanical Engineering
Teacher Elementary,0,Classroom Management Curriculum Development Child Psychology,Bachelor's in Education Teaching License required
Web Developer,2,HTML CSS JavaScript React Node.js Responsive Design,Bachelor's in Computer Science or relevant experience
Financial Analyst,3,Excel Financial Modeling Forecasting Bloomberg Terminal,Bachelor's in Finance or Economics
Chef,5,Food Safety Culinary Techniques Menu Planning Inventory Management,Culinary Degree or equivalent experience
Civil Engineer,4,AutoCAD Civil 3D Project Management Structural Analysis,Bachelor's in Civil Engineering PE License preferred
Content Writer,2,SEO Copywriting CMS WordPress Research Skills,Bachelor's in English Journalism or Communications
Business Analyst,3,SQL Requirements Gathering Process Mapping Visio,Bachelor's in Business or Information Systems
Electrician,3,Electrical Code NEC Troubleshooting Blueprint Reading,Trade School Certificate Electrician License
Physical Therapist,1,Patient Assessment Therapeutic Exercise Manual Therapy,Doctorate in Physical Therapy State License
UX/UI Designer,3,Figma Sketch User Research Wireframing Prototyping,Bachelor's in Design or related field
Database Administrator,4,SQL Oracle MySQL Database Security Backup Recovery,Bachelor's in Computer Science or Information Technology
Operations Manager,6,Lean Six Sigma Supply Chain Logistics ERP Systems,Bachelor's in Business Operations or Engineering
Legal Secretary,2,Legal Terminology Transcription Court Filing Case Management,Associate's Degree or Legal Certificate
DevOps Engineer,4,Docker Kubernetes AWS CI/CD Jenkins Linux,Bachelor's in Computer Science or related field
Social Media Manager,2,Social Media Platforms Analytics Content Creation Hootsuite,Bachelor's in Marketing or Communications
Construction Manager,7,Project Scheduling Budgeting OSHA Safety Building Codes,Bachelor's in Construction Management or Engineering
Pharmacy Technician,1,Pharmacy Math Drug Information Inventory Management,Pharmacy Technician Certification
Network Administrator,3,Cisco TCP/IP Firewalls VPN Network Security,Bachelor's in Information Technology or relevant certifications
Executive Assistant,4,Calendar Management Travel Coordination MS Office Communication,Bachelor's Degree preferred
Mobile App Developer,3,Swift Kotlin React Native iOS Android,Bachelor's in Computer Science or related field
Quality Assurance Engineer,2,Test Automation Selenium JIRA Agile Testing,Bachelor's in Computer Science or related field
Event Planner,3,Budget Management Vendor Negotiation Event Coordination,Bachelor's in Hospitality or Event Management
Technical Writer,2,Documentation API Documentation Markdown Version Control,Bachelor's in English or Technical Communication
Dentist,2,Dental Procedures Radiography Patient Care Dental Software,Doctor of Dental Surgery State License
Supply Chain Analyst,3,ERP SAP Inventory Management Forecasting Excel,Bachelor's in Supply Chain or Business
Paramedic,2,Emergency Medicine Patient Assessment IV Therapy EMR,Paramedic Certification State License
Product Manager,5,Roadmap Planning Agile User Stories Market Research,Bachelor's in Business or Computer Science MBA preferred
Veterinarian,1,Animal Medicine Surgery Diagnostics Client Communication,Doctor of Veterinary Medicine State License
Cybersecurity Analyst,3,Network Security Penetration Testing SIEM Incident Response,Bachelor's in Cybersecurity or Information Technology
Real Estate Agent,1,Property Listing Market Analysis Negotiation CRM,Real Estate License
Research Scientist,4,Data Analysis Laboratory Techniques Research Design Statistics,PhD in relevant scientific field
Interior Designer,3,AutoCAD SketchUp Space Planning Color Theory,Bachelor's in Interior Design
Insurance Agent,2,Sales Risk Assessment Policy Knowledge Underwriting,Bachelor's Degree State License required
Logistics Coordinator,2,Supply Chain Transportation Management Warehouse Operations,Bachelor's in Logistics or Business
Architect,5,Revit AutoCAD Building Codes Design Principles,Bachelor's in Architecture State License
Occupational Therapist,1,Patient Evaluation Adaptive Equipment Treatment Planning,Master's in Occupational Therapy State License
SEO Specialist,2,Google Analytics Keyword Research Link Building Technical SEO,Bachelor's in Marketing or related field
Video Editor,2,Adobe Premiere Final Cut Pro After Effects Storytelling,Bachelor's in Film or Media Production
Investment Banker,3,Financial Modeling Valuation M&A Excel Bloomberg,Bachelor's in Finance MBA preferred
Flight Attendant,0,Customer Service Safety Procedures First Aid Communication,High School Diploma Training provided
Chemical Engineer,4,Process Design ChemCAD HAZOP Material Science,Bachelor's in Chemical Engineering
Radiologic Technologist,1,X-ray CT MRI Radiation Safety PACS,Associate's Degree ARRT Certification
Brand Manager,5,Brand Strategy Market Research Consumer Insights Analytics,Bachelor's in Marketing MBA preferred
Security Guard,0,Surveillance First Aid Conflict Resolution,High School Diploma Security License
IT Support Specialist,1,Help Desk Troubleshooting Windows Active Directory,Associate's in IT or relevant certifications
Biomedical Engineer,3,Medical Devices CAD Regulatory Compliance FDA,Bachelor's in Biomedical Engineering
Speech Therapist,2,Speech Assessment Therapy Techniques AAC Devices,Master's in Speech Language Pathology State License
Customer Success Manager,3,CRM Account Management Customer Retention SaaS,Bachelor's in Business or related field
Welder,2,MIG TIG Arc Welding Blueprint Reading Metal Fabrication,Trade School Certificate Welding Certification
Environmental Scientist,3,Environmental Law Data Collection GIS Lab Analysis,Bachelor's in Environmental Science or related field
Copywriter,2,Creative Writing Brand Voice SEO Ad Copy,Bachelor's in English Marketing or Communications
Air Traffic Controller,0,Spatial Awareness Decision Making ATC Systems,FAA Training Program
Retail Manager,4,Inventory Management POS Systems Team Leadership Customer Service,Bachelor's in Business or equivalent experience
Pilot Commercial,5,Flight Planning Navigation Weather Analysis,Commercial Pilot License Flight Hours
Information Security Manager,7,Security Frameworks CISSP Risk Management Compliance,Bachelor's in Cybersecurity CISSP or related certifications
Massage Therapist,1,Anatomy Swedish Deep Tissue Trigger Point,Massage Therapy Certificate State License
Cloud Architect,6,AWS Azure Google Cloud Infrastructure Design,Bachelor's in Computer Science Cloud certifications
Recruitment Consultant,2,Talent Acquisition Interviewing ATS Salary Negotiation,Bachelor's in Human Resources or Business
Medical Coder,1,ICD-10 CPT HCPCS Medical Terminology,Coding Certification CPC or CCS
Sports Coach,3,Training Programs Athletic Development Team Management,Bachelor's in Sports Science or Kinesiology
Blockchain Developer,3,Solidity Ethereum Smart Contracts Web3 Cryptography,Bachelor's in Computer Science
Art Director,6,Creative Direction Adobe Suite Branding Campaign Management,Bachelor's in Fine Arts or Graphic Design
Tax Consultant,4,Tax Law Tax Software Audit Preparation CPA,Bachelor's in Accounting CPA License
Automation Engineer,4,PLC SCADA Robotics Industrial Control Systems,Bachelor's in Electrical or Mechanical Engineering
Interpreter,2,Fluency Translation Cultural Competency Consecutive Interpreting,Bachelor's Degree Certification in target language
Laboratory Technician,1,Lab Equipment Specimen Processing Quality Control Safety,Associate's in Clinical Laboratory Science
Procurement Specialist,3,Contract Negotiation Vendor Management SAP Purchasing,Bachelor's in Business or Supply Chain
Sound Engineer,3,Pro Tools Audio Mixing Acoustics Live Sound,Bachelor's in Audio Engineering or related field
Compliance Officer,5,Regulatory Compliance Auditing Risk Assessment Policies,Bachelor's in Business Law or Finance
Food Scientist,3,Food Safety Product Development Sensory Analysis Chemistry,Bachelor's in Food Science or related field
UX Researcher,3,User Testing Qualitative Research Persona Development,Bachelor's in Psychology or HCI
Actuary,2,Statistical Analysis Risk Modeling Excel VBA,Bachelor's in Actuarial Science Actuarial exams
Forensic Scientist,2,Laboratory Analysis Evidence Collection Crime Scene Investigation,Bachelor's in Forensic Science or Chemistry
Industrial Designer,3,CAD 3D Modeling Prototyping Manufacturing Processes,Bachelor's in Industrial Design
Technical Support Engineer,2,Linux Networking Problem Solving Customer Service,Bachelor's in Computer Science or IT
Solar Installation Technician,1,Electrical Systems Roof Safety Solar Panel Installation,Trade School or Certification in Solar Installation
Machine Learning Engineer,4,Python TensorFlow Deep Learning Neural Networks,Bachelor's in Computer Science or Statistics
Respiratory Therapist,1,Ventilator Management Pulmonary Function Testing Patient Care,Associate's Degree State License
Change Management Consultant,5,Organizational Development Stakeholder Engagement PROSCI,Bachelor's in Business or related field
Wildlife Biologist,3,Field Research Animal Behavior Data Analysis GIS,Bachelor's in Biology or Wildlife Management
Fashion Designer,4,Sketching Pattern Making Textiles Fashion Trends,Bachelor's in Fashion Design
Mortgage Broker,2,Loan Processing Financial Analysis Underwriting,Bachelor's in Finance Mortgage License
Systems Administrator,4,Windows Server Linux VMware Active Directory,Bachelor's in Information Technology
Epidemiologist,3,Disease Surveillance Statistical Analysis Public Health Research,Master's in Public Health or Epidemiology
Court Reporter,1,Stenography Transcription Legal Terminology,Certificate in Court Reporting State License
Hydrologist,3,Water Resources GIS Modeling Environmental Science,Bachelor's in Hydrology or Environmental Science
Sustainability Consultant,4,Carbon Footprint LEED Environmental Regulations Reporting,Bachelor's in Environmental Science or related field